"V1"	"V7"
"V1"	"V11"
"V1"	"V57"
"V1"	"V69"
"V1"	"V77"
"V2"	"V8"
"V2"	"V12"
"V2"	"V58"
"V2"	"V78"
"V3"	"V7"
"V3"	"V19"
"V3"	"V23"
"V3"	"V71"
"V3"	"V73"
"V3"	"V77"
"V4"	"V8"
"V4"	"V20"
"V4"	"V24"
"V4"	"V72"
"V4"	"V74"
"V5"	"V3"
"V5"	"V9"
"V5"	"V27"
"V5"	"V71"
"V5"	"V73"
"V6"	"V10"
"V6"	"V16"
"V6"	"V28"
"V6"	"V72"
"V6"	"V74"
"V7"	"V1"
"V7"	"V3"
"V7"	"V13"
"V7"	"V40"
"V7"	"V48"
"V7"	"V75"
"V7"	"V76"
"V7"	"V80"
"V7"	"V88"
"V7"	"V89"
"V8"	"V2"
"V8"	"V4"
"V8"	"V14"
"V8"	"V40"
"V8"	"V48"
"V8"	"V75"
"V8"	"V76"
"V8"	"V80"
"V8"	"V88"
"V8"	"V89"
"V9"	"V5"
"V9"	"V15"
"V9"	"V40"
"V9"	"V48"
"V9"	"V73"
"V9"	"V75"
"V9"	"V76"
"V9"	"V80"
"V9"	"V88"
"V9"	"V89"
"V10"	"V6"
"V10"	"V8"
"V10"	"V16"
"V10"	"V74"
"V11"	"V1"
"V11"	"V13"
"V11"	"V17"
"V11"	"V19"
"V12"	"V2"
"V12"	"V14"
"V12"	"V18"
"V12"	"V30"
"V13"	"V7"
"V13"	"V11"
"V13"	"V29"
"V13"	"V73"
"V14"	"V8"
"V14"	"V12"
"V14"	"V16"
"V14"	"V30"
"V14"	"V74"
"V15"	"V9"
"V15"	"V13"
"V15"	"V29"
"V15"	"V73"
"V15"	"V83"
"V16"	"V10"
"V16"	"V14"
"V16"	"V30"
"V16"	"V38"
"V16"	"V74"
"V16"	"V84"
"V17"	"V11"
"V17"	"V29"
"V17"	"V57"
"V17"	"V79"
"V17"	"V81"
"V18"	"V30"
"V18"	"V58"
"V18"	"V64"
"V18"	"V80"
"V18"	"V82"
"V19"	"V3"
"V19"	"V20"
"V19"	"V33"
"V19"	"V69"
"V19"	"V77"
"V20"	"V4"
"V20"	"V19"
"V20"	"V34"
"V20"	"V69"
"V20"	"V70"
"V21"	"V22"
"V21"	"V27"
"V21"	"V31"
"V21"	"V41"
"V21"	"V71"
"V22"	"V21"
"V22"	"V28"
"V22"	"V30"
"V22"	"V32"
"V22"	"V42"
"V22"	"V72"
"V22"	"V84"
"V23"	"V3"
"V23"	"V19"
"V23"	"V24"
"V23"	"V31"
"V24"	"V4"
"V24"	"V23"
"V24"	"V26"
"V24"	"V32"
"V25"	"V26"
"V25"	"V27"
"V25"	"V31"
"V25"	"V40"
"V25"	"V48"
"V25"	"V75"
"V25"	"V76"
"V25"	"V80"
"V25"	"V88"
"V25"	"V89"
"V26"	"V6"
"V26"	"V24"
"V26"	"V25"
"V26"	"V28"
"V26"	"V32"
"V27"	"V5"
"V27"	"V21"
"V27"	"V25"
"V27"	"V40"
"V27"	"V48"
"V27"	"V75"
"V27"	"V76"
"V27"	"V80"
"V27"	"V88"
"V27"	"V89"
"V28"	"V6"
"V28"	"V22"
"V28"	"V26"
"V28"	"V40"
"V28"	"V48"
"V28"	"V75"
"V28"	"V76"
"V28"	"V80"
"V28"	"V88"
"V28"	"V89"
"V29"	"V13"
"V29"	"V15"
"V29"	"V17"
"V29"	"V73"
"V30"	"V12"
"V30"	"V14"
"V30"	"V16"
"V30"	"V18"
"V30"	"V74"
"V30"	"V84"
"V31"	"V21"
"V31"	"V23"
"V31"	"V25"
"V31"	"V32"
"V31"	"V33"
"V32"	"V22"
"V32"	"V24"
"V32"	"V26"
"V32"	"V31"
"V32"	"V34"
"V33"	"V19"
"V33"	"V31"
"V33"	"V34"
"V33"	"V67"
"V33"	"V69"
"V34"	"V20"
"V34"	"V32"
"V34"	"V33"
"V34"	"V68"
"V34"	"V70"
"V35"	"V33"
"V35"	"V36"
"V35"	"V43"
"V35"	"V67"
"V36"	"V34"
"V36"	"V35"
"V36"	"V38"
"V36"	"V44"
"V36"	"V49"
"V36"	"V51"
"V36"	"V68"
"V37"	"V39"
"V37"	"V40"
"V37"	"V41"
"V37"	"V48"
"V37"	"V75"
"V37"	"V76"
"V37"	"V77"
"V37"	"V80"
"V37"	"V88"
"V37"	"V89"
"V38"	"V40"
"V38"	"V42"
"V38"	"V48"
"V38"	"V75"
"V38"	"V76"
"V38"	"V78"
"V38"	"V80"
"V38"	"V88"
"V38"	"V89"
"V39"	"V37"
"V39"	"V40"
"V39"	"V47"
"V39"	"V48"
"V39"	"V55"
"V39"	"V75"
"V39"	"V76"
"V39"	"V80"
"V39"	"V88"
"V39"	"V89"
"V40"	"V7"
"V40"	"V8"
"V40"	"V9"
"V40"	"V25"
"V40"	"V27"
"V40"	"V28"
"V40"	"V37"
"V40"	"V38"
"V40"	"V39"
"V40"	"V41"
"V40"	"V42"
"V40"	"V47"
"V40"	"V48"
"V40"	"V50"
"V40"	"V53"
"V40"	"V54"
"V40"	"V56"
"V40"	"V62"
"V40"	"V63"
"V40"	"V65"
"V40"	"V66"
"V40"	"V75"
"V40"	"V76"
"V40"	"V79"
"V40"	"V80"
"V40"	"V87"
"V40"	"V88"
"V40"	"V89"
"V40"	"V90"
"V41"	"V21"
"V41"	"V37"
"V41"	"V40"
"V41"	"V48"
"V41"	"V75"
"V41"	"V76"
"V41"	"V80"
"V41"	"V83"
"V41"	"V88"
"V41"	"V89"
"V42"	"V22"
"V42"	"V38"
"V42"	"V40"
"V42"	"V48"
"V42"	"V75"
"V42"	"V76"
"V42"	"V80"
"V42"	"V84"
"V42"	"V88"
"V42"	"V89"
"V43"	"V44"
"V43"	"V45"
"V43"	"V47"
"V43"	"V67"
"V44"	"V43"
"V44"	"V46"
"V44"	"V48"
"V44"	"V68"
"V45"	"V43"
"V45"	"V46"
"V45"	"V49"
"V45"	"V67"
"V46"	"V44"
"V46"	"V45"
"V46"	"V50"
"V46"	"V68"
"V47"	"V39"
"V47"	"V40"
"V47"	"V43"
"V47"	"V48"
"V47"	"V55"
"V47"	"V75"
"V47"	"V76"
"V47"	"V80"
"V47"	"V88"
"V47"	"V89"
"V48"	"V7"
"V48"	"V8"
"V48"	"V9"
"V48"	"V25"
"V48"	"V27"
"V48"	"V28"
"V48"	"V37"
"V48"	"V38"
"V48"	"V39"
"V48"	"V40"
"V48"	"V41"
"V48"	"V42"
"V48"	"V44"
"V48"	"V47"
"V48"	"V50"
"V48"	"V53"
"V48"	"V54"
"V48"	"V56"
"V48"	"V62"
"V48"	"V63"
"V48"	"V65"
"V48"	"V66"
"V48"	"V75"
"V48"	"V76"
"V48"	"V79"
"V48"	"V80"
"V48"	"V87"
"V48"	"V88"
"V48"	"V89"
"V48"	"V90"
"V49"	"V45"
"V49"	"V50"
"V49"	"V51"
"V49"	"V59"
"V50"	"V40"
"V50"	"V46"
"V50"	"V48"
"V50"	"V52"
"V50"	"V60"
"V50"	"V75"
"V50"	"V76"
"V50"	"V80"
"V50"	"V88"
"V50"	"V89"
"V51"	"V49"
"V51"	"V53"
"V51"	"V59"
"V51"	"V61"
"V51"	"V65"
"V51"	"V85"
"V52"	"V50"
"V52"	"V54"
"V52"	"V66"
"V52"	"V86"
"V53"	"V40"
"V53"	"V47"
"V53"	"V48"
"V53"	"V51"
"V53"	"V55"
"V53"	"V75"
"V53"	"V76"
"V53"	"V80"
"V53"	"V88"
"V53"	"V89"
"V54"	"V40"
"V54"	"V48"
"V54"	"V52"
"V54"	"V56"
"V54"	"V75"
"V54"	"V76"
"V54"	"V80"
"V54"	"V88"
"V54"	"V89"
"V54"	"V90"
"V55"	"V39"
"V55"	"V47"
"V55"	"V53"
"V55"	"V89"
"V56"	"V40"
"V56"	"V48"
"V56"	"V54"
"V56"	"V90"
"V57"	"V1"
"V57"	"V17"
"V57"	"V61"
"V57"	"V73"
"V57"	"V77"
"V58"	"V2"
"V58"	"V18"
"V58"	"V30"
"V58"	"V60"
"V58"	"V64"
"V58"	"V70"
"V58"	"V74"
"V58"	"V78"
"V59"	"V51"
"V59"	"V61"
"V59"	"V67"
"V59"	"V77"
"V60"	"V50"
"V60"	"V58"
"V60"	"V62"
"V60"	"V68"
"V60"	"V78"
"V61"	"V57"
"V61"	"V59"
"V61"	"V63"
"V61"	"V65"
"V62"	"V40"
"V62"	"V48"
"V62"	"V60"
"V62"	"V64"
"V62"	"V66"
"V62"	"V75"
"V62"	"V76"
"V62"	"V80"
"V62"	"V88"
"V62"	"V89"
"V63"	"V40"
"V63"	"V48"
"V63"	"V57"
"V63"	"V61"
"V63"	"V75"
"V63"	"V76"
"V63"	"V80"
"V63"	"V81"
"V63"	"V88"
"V63"	"V89"
"V64"	"V18"
"V64"	"V58"
"V64"	"V62"
"V64"	"V82"
"V65"	"V40"
"V65"	"V48"
"V65"	"V51"
"V65"	"V61"
"V65"	"V75"
"V65"	"V76"
"V65"	"V80"
"V65"	"V85"
"V65"	"V88"
"V65"	"V89"
"V66"	"V40"
"V66"	"V48"
"V66"	"V52"
"V66"	"V62"
"V66"	"V75"
"V66"	"V76"
"V66"	"V80"
"V66"	"V86"
"V66"	"V88"
"V66"	"V89"
"V67"	"V33"
"V67"	"V35"
"V67"	"V45"
"V67"	"V59"
"V67"	"V68"
"V67"	"V69"
"V67"	"V77"
"V68"	"V34"
"V68"	"V36"
"V68"	"V46"
"V68"	"V60"
"V68"	"V67"
"V68"	"V70"
"V68"	"V78"
"V69"	"V1"
"V69"	"V19"
"V69"	"V33"
"V69"	"V57"
"V69"	"V67"
"V69"	"V70"
"V69"	"V77"
"V70"	"V20"
"V70"	"V34"
"V70"	"V58"
"V70"	"V68"
"V70"	"V69"
"V70"	"V78"
"V71"	"V3"
"V71"	"V5"
"V71"	"V21"
"V71"	"V23"
"V71"	"V25"
"V71"	"V77"
"V72"	"V4"
"V72"	"V6"
"V72"	"V22"
"V72"	"V26"
"V72"	"V74"
"V72"	"V78"
"V73"	"V3"
"V73"	"V5"
"V73"	"V29"
"V73"	"V51"
"V73"	"V57"
"V73"	"V59"
"V73"	"V75"
"V74"	"V4"
"V74"	"V6"
"V74"	"V10"
"V74"	"V30"
"V74"	"V38"
"V74"	"V58"
"V74"	"V72"
"V74"	"V76"
"V74"	"V78"
"V75"	"V7"
"V75"	"V8"
"V75"	"V9"
"V75"	"V25"
"V75"	"V27"
"V75"	"V28"
"V75"	"V37"
"V75"	"V38"
"V75"	"V39"
"V75"	"V40"
"V75"	"V41"
"V75"	"V42"
"V75"	"V47"
"V75"	"V48"
"V75"	"V50"
"V75"	"V53"
"V75"	"V54"
"V75"	"V62"
"V75"	"V63"
"V75"	"V65"
"V75"	"V66"
"V75"	"V71"
"V75"	"V73"
"V75"	"V76"
"V75"	"V79"
"V75"	"V80"
"V75"	"V87"
"V75"	"V88"
"V75"	"V89"
"V75"	"V90"
"V76"	"V7"
"V76"	"V8"
"V76"	"V9"
"V76"	"V25"
"V76"	"V27"
"V76"	"V28"
"V76"	"V37"
"V76"	"V38"
"V76"	"V39"
"V76"	"V40"
"V76"	"V41"
"V76"	"V42"
"V76"	"V47"
"V76"	"V48"
"V76"	"V50"
"V76"	"V53"
"V76"	"V54"
"V76"	"V62"
"V76"	"V63"
"V76"	"V65"
"V76"	"V66"
"V76"	"V72"
"V76"	"V74"
"V76"	"V75"
"V76"	"V79"
"V76"	"V80"
"V76"	"V87"
"V76"	"V88"
"V76"	"V89"
"V76"	"V90"
"V77"	"V1"
"V77"	"V3"
"V77"	"V19"
"V77"	"V37"
"V77"	"V57"
"V77"	"V59"
"V77"	"V67"
"V77"	"V69"
"V77"	"V71"
"V77"	"V73"
"V77"	"V78"
"V78"	"V2"
"V78"	"V4"
"V78"	"V20"
"V78"	"V38"
"V78"	"V48"
"V78"	"V58"
"V78"	"V60"
"V78"	"V70"
"V78"	"V72"
"V78"	"V74"
"V78"	"V77"
"V79"	"V17"
"V79"	"V29"
"V79"	"V40"
"V79"	"V48"
"V79"	"V75"
"V79"	"V76"
"V79"	"V80"
"V79"	"V81"
"V79"	"V88"
"V79"	"V89"
"V80"	"V7"
"V80"	"V8"
"V80"	"V9"
"V80"	"V18"
"V80"	"V25"
"V80"	"V27"
"V80"	"V28"
"V80"	"V37"
"V80"	"V38"
"V80"	"V39"
"V80"	"V40"
"V80"	"V41"
"V80"	"V42"
"V80"	"V47"
"V80"	"V48"
"V80"	"V50"
"V80"	"V53"
"V80"	"V54"
"V80"	"V62"
"V80"	"V63"
"V80"	"V65"
"V80"	"V66"
"V80"	"V75"
"V80"	"V76"
"V80"	"V79"
"V80"	"V82"
"V80"	"V87"
"V80"	"V88"
"V80"	"V89"
"V80"	"V90"
"V81"	"V17"
"V81"	"V63"
"V81"	"V79"
"V81"	"V83"
"V81"	"V85"
"V82"	"V18"
"V82"	"V64"
"V82"	"V80"
"V82"	"V84"
"V82"	"V86"
"V83"	"V15"
"V83"	"V29"
"V83"	"V37"
"V83"	"V41"
"V83"	"V81"
"V83"	"V85"
"V83"	"V87"
"V84"	"V16"
"V84"	"V30"
"V84"	"V38"
"V84"	"V42"
"V84"	"V82"
"V84"	"V86"
"V84"	"V88"
"V85"	"V51"
"V85"	"V65"
"V85"	"V81"
"V85"	"V89"
"V86"	"V52"
"V86"	"V66"
"V86"	"V82"
"V86"	"V90"
"V87"	"V37"
"V87"	"V40"
"V87"	"V48"
"V87"	"V75"
"V87"	"V76"
"V87"	"V80"
"V87"	"V83"
"V87"	"V85"
"V87"	"V88"
"V87"	"V89"
"V88"	"V7"
"V88"	"V8"
"V88"	"V9"
"V88"	"V25"
"V88"	"V27"
"V88"	"V28"
"V88"	"V37"
"V88"	"V38"
"V88"	"V39"
"V88"	"V40"
"V88"	"V41"
"V88"	"V42"
"V88"	"V47"
"V88"	"V48"
"V88"	"V50"
"V88"	"V53"
"V88"	"V54"
"V88"	"V62"
"V88"	"V63"
"V88"	"V65"
"V88"	"V66"
"V88"	"V75"
"V88"	"V76"
"V88"	"V79"
"V88"	"V80"
"V88"	"V84"
"V88"	"V86"
"V88"	"V87"
"V88"	"V89"
"V88"	"V90"
"V89"	"V7"
"V89"	"V8"
"V89"	"V9"
"V89"	"V25"
"V89"	"V27"
"V89"	"V28"
"V89"	"V37"
"V89"	"V38"
"V89"	"V39"
"V89"	"V40"
"V89"	"V41"
"V89"	"V42"
"V89"	"V47"
"V89"	"V48"
"V89"	"V50"
"V89"	"V53"
"V89"	"V54"
"V89"	"V55"
"V89"	"V62"
"V89"	"V63"
"V89"	"V65"
"V89"	"V66"
"V89"	"V75"
"V89"	"V76"
"V89"	"V79"
"V89"	"V80"
"V89"	"V85"
"V89"	"V87"
"V89"	"V88"
"V89"	"V90"
"V90"	"V40"
"V90"	"V48"
"V90"	"V54"
"V90"	"V56"
"V90"	"V75"
"V90"	"V76"
"V90"	"V80"
"V90"	"V86"
"V90"	"V88"
"V90"	"V89"
"V2"	"V74"
"V4"	"V78"
"V5"	"V15"
"V6"	"V4"
"V7"	"V8"
"V7"	"V87"
"V8"	"V7"
"V8"	"V9"
"V8"	"V25"
"V8"	"V37"
"V8"	"V38"
"V8"	"V39"
"V8"	"V41"
"V8"	"V42"
"V8"	"V43"
"V8"	"V45"
"V8"	"V46"
"V8"	"V47"
"V8"	"V49"
"V8"	"V50"
"V8"	"V53"
"V8"	"V54"
"V8"	"V62"
"V8"	"V63"
"V8"	"V65"
"V8"	"V66"
"V8"	"V79"
"V8"	"V87"
"V8"	"V90"
"V9"	"V8"
"V9"	"V87"
"V19"	"V73"
"V25"	"V8"
"V25"	"V87"
"V27"	"V28"
"V28"	"V27"
"V29"	"V83"
"V37"	"V8"
"V37"	"V87"
"V38"	"V8"
"V38"	"V87"
"V39"	"V8"
"V39"	"V87"
"V40"	"V43"
"V40"	"V45"
"V40"	"V46"
"V40"	"V49"
"V41"	"V8"
"V41"	"V87"
"V42"	"V8"
"V42"	"V87"
"V43"	"V8"
"V43"	"V40"
"V43"	"V48"
"V43"	"V75"
"V43"	"V76"
"V43"	"V80"
"V43"	"V87"
"V43"	"V88"
"V45"	"V8"
"V45"	"V40"
"V45"	"V48"
"V45"	"V75"
"V45"	"V76"
"V45"	"V80"
"V45"	"V87"
"V45"	"V88"
"V46"	"V8"
"V46"	"V40"
"V46"	"V48"
"V46"	"V75"
"V46"	"V76"
"V46"	"V80"
"V46"	"V87"
"V46"	"V88"
"V47"	"V8"
"V47"	"V87"
"V48"	"V43"
"V48"	"V45"
"V48"	"V46"
"V48"	"V49"
"V49"	"V8"
"V49"	"V36"
"V49"	"V40"
"V49"	"V48"
"V49"	"V75"
"V49"	"V76"
"V49"	"V80"
"V49"	"V87"
"V49"	"V88"
"V50"	"V8"
"V50"	"V87"
"V53"	"V8"
"V53"	"V87"
"V54"	"V8"
"V54"	"V87"
"V57"	"V69"
"V62"	"V8"
"V62"	"V87"
"V63"	"V8"
"V63"	"V87"
"V65"	"V8"
"V65"	"V87"
"V66"	"V8"
"V66"	"V87"
"V73"	"V19"
"V73"	"V69"
"V73"	"V77"
"V75"	"V43"
"V75"	"V45"
"V75"	"V46"
"V75"	"V49"
"V76"	"V43"
"V76"	"V45"
"V76"	"V46"
"V76"	"V49"
"V79"	"V8"
"V79"	"V87"
"V80"	"V43"
"V80"	"V45"
"V80"	"V46"
"V80"	"V49"
"V86"	"V88"
"V87"	"V7"
"V87"	"V8"
"V87"	"V9"
"V87"	"V25"
"V87"	"V38"
"V87"	"V39"
"V87"	"V41"
"V87"	"V42"
"V87"	"V43"
"V87"	"V45"
"V87"	"V46"
"V87"	"V47"
"V87"	"V49"
"V87"	"V50"
"V87"	"V53"
"V87"	"V54"
"V87"	"V62"
"V87"	"V63"
"V87"	"V65"
"V87"	"V66"
"V87"	"V79"
"V87"	"V90"
"V88"	"V43"
"V88"	"V45"
"V88"	"V46"
"V88"	"V49"
"V90"	"V8"
"V90"	"V87"
"V1"	"V8"
"V1"	"V40"
"V1"	"V48"
"V1"	"V49"
"V1"	"V75"
"V2"	"V40"
"V2"	"V48"
"V2"	"V49"
"V2"	"V75"
"V5"	"V8"
"V5"	"V40"
"V5"	"V48"
"V5"	"V49"
"V5"	"V75"
"V6"	"V26"
"V7"	"V49"
"V8"	"V1"
"V8"	"V5"
"V8"	"V11"
"V8"	"V12"
"V8"	"V29"
"V8"	"V51"
"V9"	"V49"
"V10"	"V38"
"V11"	"V8"
"V11"	"V40"
"V11"	"V48"
"V11"	"V49"
"V11"	"V75"
"V12"	"V8"
"V12"	"V40"
"V12"	"V48"
"V12"	"V49"
"V12"	"V75"
"V19"	"V23"
"V25"	"V49"
"V29"	"V8"
"V29"	"V40"
"V29"	"V48"
"V29"	"V49"
"V29"	"V75"
"V36"	"V37"
"V37"	"V83"
"V39"	"V49"
"V40"	"V1"
"V40"	"V2"
"V40"	"V5"
"V40"	"V11"
"V40"	"V12"
"V40"	"V29"
"V40"	"V51"
"V41"	"V39"
"V42"	"V49"
"V43"	"V49"
"V46"	"V49"
"V47"	"V49"
"V48"	"V1"
"V48"	"V2"
"V48"	"V5"
"V48"	"V11"
"V48"	"V12"
"V48"	"V29"
"V48"	"V51"
"V49"	"V1"
"V49"	"V2"
"V49"	"V5"
"V49"	"V7"
"V49"	"V9"
"V49"	"V11"
"V49"	"V12"
"V49"	"V25"
"V49"	"V29"
"V49"	"V39"
"V49"	"V42"
"V49"	"V43"
"V49"	"V46"
"V49"	"V47"
"V49"	"V53"
"V49"	"V54"
"V49"	"V62"
"V49"	"V63"
"V49"	"V65"
"V49"	"V66"
"V49"	"V79"
"V49"	"V89"
"V49"	"V90"
"V50"	"V49"
"V51"	"V8"
"V51"	"V40"
"V51"	"V48"
"V51"	"V75"
"V53"	"V49"
"V54"	"V49"
"V55"	"V87"
"V57"	"V29"
"V60"	"V38"
"V62"	"V49"
"V63"	"V49"
"V65"	"V49"
"V66"	"V49"
"V69"	"V20"
"V73"	"V1"
"V75"	"V1"
"V75"	"V2"
"V75"	"V5"
"V75"	"V11"
"V75"	"V12"
"V75"	"V29"
"V75"	"V51"
"V76"	"V4"
"V76"	"V77"
"V79"	"V49"
"V80"	"V30"
"V88"	"V56"
"V89"	"V49"
"V90"	"V49"
